Workbook

Sheet results
A1: metric | B1: solution | C1: 0,5 | D1: 0,4 | E1: 0,3 | F1: 0,2 | G1: 0,1
A3: Accuracy | B3: SBERT + HDBSCAN + LogisticRegression | C3: 0.0876 | D3: 0.0834 | E3: 0.0613 | F3: 0.0263 | G3: 0.0016
A4: Accuracy | B4: SBERT + HDBSCAN + SVM | C4: 0.0946 | D4: 0.0873 | E4: 0.0663 | F4: 0.0312 | G4: 0.0026
A5: Accuracy | B5: SBERT + HDBSCAN + XGBoost | C5: 0.1057 | D5: 0.1047 | E5: 0.0914 | F5: 0.0632 | G5: 0.0170
A6: Accuracy | B6: SBERT + HierarchicalClustering + LogisticRegression | C6: 0.0812 | D6: 0.0762 | E6: 0.0556 | F6: 0.0236 | G6: 0.0016
A7: Accuracy | B7: SBERT + HierarchicalClustering + SVM | C7: 0.0867 | D7: 0.0813 | E7: 0.0593 | F7: 0.0277 | G7: 0.0019
A8: Accuracy | B8: SBERT + HierarchicalClustering + XGBoost | C8: 0.0998 | D8: 0.1007 | E8: 0.0836 | F8: 0.0562 | G8: 0.0168
A9: Accuracy | B9: TFIDF + HDBSCAN + LogisticRegression | C9: 0.0881 | D9: 0.0886 | E9: 0.0774 | F9: 0.0424 | G9: 0.0024
A10: Accuracy | B10: TFIDF + HDBSCAN + SVM | C10: 0.0932 | D10: 0.0961 | E10: 0.0797 | F10: 0.0423 | G10: 0.0048
A11: Accuracy | B11: TFIDF + HDBSCAN + XGBoost | C11: 0.0791 | D11: 0.0834 | E11: 0.0678 | F11: 0.0331 | G11: 0.0028
A12: Accuracy | B12: TFIDF + HierarchicalClustering + LogisticRegression | C12: 0.0854 | D12: 0.0941 | E12: 0.0826 | F12: 0.0383 | G12: 0.0024
A13: Accuracy | B13: TFIDF + HierarchicalClustering + SVM | C13: 0.0933 | D13: 0.0953 | E13: 0.0806 | F13: 0.0385 | G13: 0.0037
... A62: Recall | B62: TFIDF + HierarchicalClustering + XGBoost | C62: 0.4550 | D62: 0.5294 | E62: 0.6108 | F62: 0.6972 | G62: 0.8111

Sheet results_grouped
B2: Algorithms | C2: Hamming Loss | I2: Accuracy | O2: Precision | U2: Recall | AA2: F1 Score
C3: 0.5 | D3: 0.4 | E3: 0.3 | F3: 0.2 | G3: 0.1 | H3: per label | I3: 0.5 | J3: 0.4 | K3: 0.3 | L3: 0.2 | M3: 0.1 | N3: =H3 -> per label | O3: 0.5 | P3: 0.4 | Q3: 0.3 | R3: 0.2 | S3: 0.1 | T3: =H3 -> per label | U3: 0.5 | V3: 0.4 | W3: 0.3 | X3: 0.2 | Y3: 0.1 | Z3: =H3 -> per label | AA3: 0.5 | AB3: 0.4 | AC3: 0.3 | AD3: 0.2 | AE3: 0.1 | AF3: =H3 -> per label
B4: SBERT + HDBSCAN + LogisticRegression | C4: 0.0411 | D4: 0.042 | E4: 0.0456 | F4: 0.0556 | G4: 0.0881 | H4: 0.0615 | I4: 0.0876 | J4: 0.0834 | K4: 0.0613 | L4: 0.0263 | M4: 0.0016 | N4: 0.0336 | O4: 0.7406 | P4: 0.6793 | Q4: 0.609 | R4: 0.5181 | S4: 0.3818 | T4: 0.4812 | U4: 0.4567 | V4: 0.5335 | W4: 0.6142 | X4: 0.7046 | Y4: 0.8209 | Z4: 0.6732 | AA4: 0.565 | AB4: 0.5976 | AC4: 0.6116 | AD4: 0.5972 | AE4: 0.5212 | AF4: 0.5613
B5: SBERT + HDBSCAN + SVM | C5: 0.0404 | D5: 0.0413 | E5: 0.0447 | F5: 0.054 | G5: 0.0853 | H5: 0.0501 | I5: 0.0946 | J5: 0.0873 | K5: 0.0663 | L5: 0.0312 | M5: 0.0026 | N5: 0.0523 | O5: 0.7411 | P5: 0.684 | Q5: 0.6169 | R5: 0.5282 | S5: 0.3906 | T5: 0.5613 | U5: 0.4744 | V5: 0.545 | W5: 0.621 | X5: 0.7063 | Y5: 0.8194 | Z5: 0.6568 | AA5: 0.5785 | AB5: 0.6067 | AC5: 0.619 | AD5: 0.6044 | AE5: 0.529 | AF5: 0.6053
B6: SBERT + HDBSCAN + XGBoost | C6: 0.0401 | D6: 0.0402 | E6: 0.0418 | F6: 0.0466 | G6: 0.0616 | H6: 0.048 | I6: 0.1057 | J6: 0.1047 | K6: 0.0914 | L6: 0.0632 | M6: 0.017 | N6: 0.0682 | O6: 0.7635 | P6: 0.7154 | Q6: 0.6615 | R6: 0.5925 | S6: 0.4824 | T6: 0.5782 | U6: 0.4554 | V6: 0.5193 | W6: 0.582 | X6: 0.6506 | Y6: 0.7447 | Z6: 0.662 | AA6: 0.5705 | AB6: 0.6017 | AC6: 0.6192 | AD6: 0.6202 | AE6: 0.5855 | AF6: 0.6173
B7: SBERT + HierarchicalClustering + LogisticRegression | C7: 0.0538 | D7: 0.0549 | E7: 0.0595 | F7: 0.0723 | G7: 0.1148 | H7: 0.0689 | I7: 0.0812 | J7: 0.0762 | K7: 0.0556 | L7: 0.0236 | M7: 0.0016 | N7: 0.0372 | O7: 0.7449 | P7: 0.6845 | Q7: 0.6137 | R7: 0.5233 | S7: 0.3855 | T7: 0.5445 | U7: 0.459 | V7: 0.5344 | W7: 0.6142 | X7: 0.7056 | Y7: 0.8234 | Z7: 0.652 | AA7: 0.568 | AB7: 0.6002 | AC7: 0.614 | AD7: 0.6009 | AE7: 0.5252 | AF7: 0.5934
B8: SBERT + HierarchicalClustering + SVM | C8: 0.053 | D8: 0.0539 | E8: 0.0584 | F8: 0.0702 | G8: 0.1107 | H8: 0.0635 | I8: 0.0867 | J8: 0.0813 | K8: 0.0593 | L8: 0.0277 | M8: 0.0019 | N8: 0.0491 | O8: 0.7458 | P8: 0.6907 | Q8: 0.6212 | R8: 0.5335 | S8: 0.3953 | T8: 0.5775 | U8: 0.4739 | V8: 0.5443 | W8: 0.6203 | X8: 0.7069 | Y8: 0.8222 | Z8: 0.6593 | AA8: 0.5795 | AB8: 0.6088 | AC8: 0.6207 | AD8: 0.6081 | AE8: 0.5339 | AF8: 0.6157
B9: SBERT + HierarchicalClustering + XGBoost | C9: 0.0525 | D9: 0.0526 | E9: 0.0545 | F9: 0.0604 | G9: 0.0793 | H9: 0.0614 | I9: 0.0998 | J9: 0.1007 | K9: 0.0836 | L9: 0.0562 | M9: 0.0168 | N9: 0.0666 | O9: 0.771 | P9: 0.7239 | Q9: 0.6699 | R9: 0.6 | S9: 0.4906 | T9: 0.5921 | U9: 0.4538 | V9: 0.514 | W9: 0.5766 | X9: 0.6494 | Y9: 0.7456 | Z9: 0.6548 | AA9: 0.5713 | AB9: 0.6011 | AC9: 0.6197 | AD9: 0.6237 | AE9: 0.5918 | AF9: 0.6219
B10: TFIDF + HDBSCAN + LogisticRegression | C10: 0.0373 | D10: 0.0367 | E10: 0.0388 | F10: 0.0462 | G10: 0.0747 | H10: 0.0451 | I10: 0.0881 | J10: 0.0886 | K10: 0.0774 | L10: 0.0424 | M10: 0.0024 | N10: 0.0581 | O10: 0.7925 | P10: 0.7426 | Q10: 0.6711 | R10: 0.5742 | S10: 0.4171 | T10: 0.5865 | U10: 0.4589 | V10: 0.5357 | W10: 0.6118 | X10: 0.7003 | Y10: 0.8164 | Z10: 0.6772 | AA10: 0.5812 | AB10: 0.6224 | AC10: 0.6401 | AD10: 0.631 | AE10: 0.5522 | AF10: 0.6286
B11: TFIDF + HDBSCAN + SVM | C11: 0.0371 | D11: 0.0372 | E11: 0.04 | F11: 0.0488 | G11: 0.0797 | H11: 0.044 | I11: 0.0932 | J11: 0.0961 | K11: 0.0797 | L11: 0.0423 | M11: 0.0048 | N11: 0.066 | O11: 0.7717 | P11: 0.7194 | Q11: 0.6488 | R11: 0.5524 | S11: 0.3992 | T11: 0.5997 | U11: 0.4855 | V11: 0.5586 | W11: 0.6328 | X11: 0.7128 | Y11: 0.8182 | Z11: 0.6611 | AA11: 0.596 | AB11: 0.6289 | AC11: 0.6407 | AD11: 0.6224 | AE11: 0.5366 | AF11: 0.6289
B12: TFIDF + HDBSCAN + XGBoost | C12: 0.0377 | D12: 0.0376 | E12: 0.0398 | F12: 0.0477 | G12: 0.0773 | H12: 0.063 | I12: 0.0791 | J12: 0.0834 | K12: 0.0678 | L12: 0.0331 | M12: 0.0028 | N12: 0.0114 | O12: 0.7754 | P12: 0.723 | Q12: 0.6568 | R12: 0.5622 | S12: 0.4068 | T12: 0.4595 | U12: 0.4674 | V12: 0.5408 | W12: 0.6175 | X12: 0.6989 | Y12: 0.8068 | Z12: 0.6628 | AA12: 0.5832 | AB12: 0.6188 | AC12: 0.6366 | AD12: 0.6231 | AE12: 0.5409 | AF12: 0.5428
B13: TFIDF + HierarchicalClustering + LogisticRegression | C13: 0.0506 | D13: 0.0501 | E13: 0.0528 | F13: 0.0634 | G13: 0.1041 | H13: 0.0592 | I13: 0.0854 | J13: 0.0941 | K13: 0.0826 | L13: 0.0383 | M13: 0.0024 | N13: 0.0644 | O13: 0.7931 | P13: 0.7376 | Q13: 0.6665 | R13: 0.5672 | S13: 0.4083 | T13: 0.5996 | U13: 0.4524 | V13: 0.5295 | W13: 0.6122 | X13: 0.7044 | Y13: 0.8231 | Z13: 0.6658 | AA13: 0.5762 | AB13: 0.6165 | AC13: 0.6382 | AD13: 0.6284 | AE13: 0.5459 | AF13: 0.631
B14: TFIDF + HierarchicalClustering + SVM | C14: 0.0507 | D14: 0.051 | E14: 0.0548 | F14: 0.0676 | G14: 0.1115 | H14: 0.0584 | I14: 0.0933 | J14: 0.0953 | K14: 0.0806 | L14: 0.0385 | M14: 0.0037 | N14: 0.0721 | O14: 0.7698 | P14: 0.7132 | Q14: 0.6428 | R14: 0.5424 | S14: 0.3893 | T14: 0.6083 | U14: 0.4751 | V14: 0.5505 | W14: 0.6278 | X14: 0.712 | Y14: 0.8203 | Z14: 0.6509 | AA14: 0.5876 | AB14: 0.6214 | AC14: 0.6352 | AD14: 0.6158 | AE14: 0.528 | AF14: 0.6288
B15: TFIDF + HierarchicalClustering + XGBoost | C15: 0.0513 | D15: 0.0514 | E15: 0.0544 | F15: 0.0654 | G15: 0.107 | H15: 0.0577 | I15: 0.0796 | J15: 0.0843 | K15: 0.0736 | L15: 0.0325 | M15: 0.002 | N15: 0.0702 | O15: 0.7779 | P15: 0.7205 | Q15: 0.6521 | R15: 0.5556 | S15: 0.3997 | T15: 0.6141 | U15: 0.455 | V15: 0.5294 | W15: 0.6108 | X15: 0.6972 | Y15: 0.8111 | Z15: 0.6498 | AA15: 0.5741 | AB15: 0.6103 | AC15: 0.6308 | AD15: 0.6184 | AE15: 0.5355 | AF15: 0.6314

Sheet results_threshold_per_label
A1: metric | B1: solution | C1: value
A2: Accuracy | B2: SBERT + HDBSCAN + LogisticRegression | C2: 0.0336
A3: Accuracy | B3: SBERT + HDBSCAN + SVM | C3: 0.0523
A4: Accuracy | B4: SBERT + HDBSCAN + XGBoost | C4: 0.0682
A5: Accuracy | B5: SBERT + HierarchicalClustering + LogisticRegression | C5: 0.0372
A6: Accuracy | B6: SBERT + HierarchicalClustering + SVM | C6: 0.0491
A7: Accuracy | B7: SBERT + HierarchicalClustering + XGBoost | C7: 0.0666
A8: Accuracy | B8: TFIDF + HDBSCAN + LogisticRegression | C8: 0.0581
A9: Accuracy | B9: TFIDF + HDBSCAN + SVM | C9: 0.0660
A10: Accuracy | B10: TFIDF + HDBSCAN + XGBoost | C10: 0.0114
A11: Accuracy | B11: TFIDF + HierarchicalClustering + LogisticRegression | C11: 0.0644
A12: Accuracy | B12: TFIDF + HierarchicalClustering + SVM | C12: 0.0721
... A61: Recall | B61: TFIDF + HierarchicalClustering + XGBoost | C61: 0.6498

Sheet results_threshold_per_label_gro
B1: Results for best thresold per label
B2: =results_grouped!B2 -> Algorithms | C2: =results_grouped!C2 -> Hamming Loss | D2: =results_grouped!I2 -> Accuracy | E2: =results_grouped!O2 -> Precision | F2: =results_grouped!U2 -> Recall | G2: =results_grouped!AA2 -> F1 Score
B4: =results_grouped!B4 -> SBERT + HDBSCAN + LogisticRegression | C4: =results_grouped!H4 -> 0.0615 | D4: =results_grouped!N4 -> 0.0336 | E4: =results_grouped!T4 -> 0.4812 | F4: =results_grouped!Z4 -> 0.6732 | G4: =results_grouped!AF4 -> 0.5613
B5: =results_grouped!B5 -> SBERT + HDBSCAN + SVM | C5: =results_grouped!H5 -> 0.0501 | D5: =results_grouped!N5 -> 0.0523 | E5: =results_grouped!T5 -> 0.5613 | F5: =results_grouped!Z5 -> 0.6568 | G5: =results_grouped!AF5 -> 0.6053
B6: =results_grouped!B6 -> SBERT + HDBSCAN + XGBoost | C6: =results_grouped!H6 -> 0.048 | D6: =results_grouped!N6 -> 0.0682 | E6: =results_grouped!T6 -> 0.5782 | F6: =results_grouped!Z6 -> 0.662 | G6: =results_grouped!AF6 -> 0.6173
B7: =results_grouped!B7 -> SBERT + HierarchicalClustering + LogisticRegression | C7: =results_grouped!H7 -> 0.0689 | D7: =results_grouped!N7 -> 0.0372 | E7: =results_grouped!T7 -> 0.5445 | F7: =results_grouped!Z7 -> 0.652 | G7: =results_grouped!AF7 -> 0.5934
B8: =results_grouped!B8 -> SBERT + HierarchicalClustering + SVM | C8: =results_grouped!H8 -> 0.0635 | D8: =results_grouped!N8 -> 0.0491 | E8: =results_grouped!T8 -> 0.5775 | F8: =results_grouped!Z8 -> 0.6593 | G8: =results_grouped!AF8 -> 0.6157
B9: =results_grouped!B9 -> SBERT + HierarchicalClustering + XGBoost | C9: =results_grouped!H9 -> 0.0614 | D9: =results_grouped!N9 -> 0.0666 | E9: =results_grouped!T9 -> 0.5921 | F9: =results_grouped!Z9 -> 0.6548 | G9: =results_grouped!AF9 -> 0.6219
B10: =results_grouped!B10 -> TFIDF + HDBSCAN + LogisticRegression | C10: =results_grouped!H10 -> 0.0451 | D10: =results_grouped!N10 -> 0.0581 | E10: =results_grouped!T10 -> 0.5865 | F10: =results_grouped!Z10 -> 0.6772 | G10: =results_grouped!AF10 -> 0.6286
B11: =results_grouped!B11 -> TFIDF + HDBSCAN + SVM | C11: =results_grouped!H11 -> 0.044 | D11: =results_grouped!N11 -> 0.066 | E11: =results_grouped!T11 -> 0.5997 | F11: =results_grouped!Z11 -> 0.6611 | G11: =results_grouped!AF11 -> 0.6289
B12: =results_grouped!B12 -> TFIDF + HDBSCAN + XGBoost | C12: =results_grouped!H12 -> 0.063 | D12: =results_grouped!N12 -> 0.0114 | E12: =results_grouped!T12 -> 0.4595 | F12: =results_grouped!Z12 -> 0.6628 | G12: =results_grouped!AF12 -> 0.5428
B13: =results_grouped!B13 -> TFIDF + HierarchicalClustering + LogisticRegression | C13: =results_grouped!H13 -> 0.0592 | D13: =results_grouped!N13 -> 0.0644 | E13: =results_grouped!T13 -> 0.5996 | F13: =results_grouped!Z13 -> 0.6658 | G13: =results_grouped!AF13 -> 0.631
B14: =results_grouped!B14 -> TFIDF + HierarchicalClustering + SVM | C14: =results_grouped!H14 -> 0.0584 | D14: =results_grouped!N14 -> 0.0721 | E14: =results_grouped!T14 -> 0.6083 | F14: =results_grouped!Z14 -> 0.6509 | G14: =results_grouped!AF14 -> 0.6288
B15: =results_grouped!B15 -> TFIDF + HierarchicalClustering + XGBoost | C15: =results_grouped!H15 -> 0.0577 | D15: =results_grouped!N15 -> 0.0702 | E15: =results_grouped!T15 -> 0.6141 | F15: =results_grouped!Z15 -> 0.6498 | G15: =results_grouped!AF15 -> 0.6314

Sheet manual tests
A1: =results_grouped!B2 -> Algorithms | B1: Desc 1 | C1: Desc 2 | D1: Desc 3 | E1: Desc 4 | F1: Desc 5 | G1: Desc 6
A3: =results_grouped!B4 -> SBERT + HDBSCAN + LogisticRegression | B3: Classics: 0.4890 European Literature: 0.5555 Fantasy: 0.5123 Fiction: 0.9050 Harlequin: 0.0013 Literature: 0.5704 Mystery: 0.7035 Steampunk: 0.0933 Thriller: 0.4657 | C3: Fantasy: 0.9777 Fiction: 0.8338 Young Adult: 0.4293 | D3: Childrens: 0.3200 Fantasy: 0.4295 Fiction: 0.8032 Middle Grade: 0.1592 Mystery: 0.8328 Thriller: 0.3614 | E3: Fiction: 0.5668 Romance: 0.7994 Young Adult: 0.4558 | F3: Adventure: 0.1739 Childrens: 0.3528 Fiction: 0.7813 Harlequin: 0.0013 Mystery: 0.5612 Thriller: 0.2940 Young Adult: 0.3580 | G3: Dragons: 0.1802 Fantasy: 0.9973 Fiction: 0.6935 Magic: 0.6882 Young Adult: 0.7296
A4: =results_grouped!B5 -> SBERT + HDBSCAN + SVM | B4: Classics: 0.4921 European Literature: 0.5318 Fantasy: 0.4706 Fiction: 0.9173 Literature: 0.5649 Mystery: 0.7948 Thriller: 0.4595 | C4: Fantasy: 0.9798 Fiction: 0.8442 Young Adult: 0.4425 | D4: Childrens: 0.3828 Fiction: 0.7198 Mystery: 0.8693 Thriller: 0.2760 | E4: Fiction: 0.5843 Romance: 0.8310 Young Adult: 0.4568 | F4: Adventure: 0.2610 Childrens: 0.3023 Fiction: 0.7989 Middle Grade: 0.1853 Mystery: 0.4943 Young Adult: 0.4261 | G4: Dragons: 0.1502 Fantasy: 0.9980 Fiction: 0.6963 Magic: 0.6928 Young Adult: 0.7442
A5: =results_grouped!B6 -> SBERT + HDBSCAN + XGBoost | B5: Classics: 0.4204 Cultural: 0.1426 Fiction: 0.8591 Historical: 0.3243 Literature: 0.3322 Mystery: 0.3574 Thriller: 0.2642 | C5: Fantasy: 0.9779 Fiction: 0.8276 Steampunk: 0.0626 | D5: Childrens: 0.1846 Fantasy: 0.5093 Fiction: 0.8355 Mystery: 0.6419 Thriller: 0.2138 | E5: Fantasy: 0.3801 Fiction: 0.5939 Romance: 0.7804 Young Adult: 0.4131 | F5: Fiction: 0.8112 Mystery: 0.5473 | G5: Dragons: 0.0961 Fantasy: 0.9915 Fiction: 0.5066 Magic: 0.2403 Young Adult: 0.4235
A6: =results_grouped!B7 -> SBERT + HierarchicalClustering + LogisticRegression | B6: Classics: 0.4427 Fantasy: 0.9034 Fiction: 0.8604 France: 0.2176 Harlequin: 0.0013 Light Novel: 0.0014 Literature: 0.7028 Other: 0.1777 Science Fiction: 0.5268 Sequential Art: 0.2828 Steampunk: 0.0655 | C6: Fantasy: 0.9630 Fiction: 0.6553 Light Novel: 0.0013 Other: 0.2187 Science Fiction: 0.9318 Steampunk: 0.1647 Young Adult: 0.4323 | D6: Fantasy: 0.8938 Fiction: 0.8160 Gothic: 0.1094 Middle Grade: 0.1592 Other: 0.1407 | E6: Contemporary: 0.4474 Fiction: 0.5359 Romance: 0.7346 Young Adult: 0.3337 | F6: Adventure: 0.1609 Contemporary: 0.3921 Fantasy: 0.7048 Fiction: 0.7463 Harlequin: 0.0013 Young Adult: 0.6419 | G6: Fantasy: 0.9910 Fiction: 0.6291 Science Fiction: 0.3540 Young Adult: 0.6555
A7: =results_grouped!B8 -> SBERT + HierarchicalClustering + SVM | B7: 19th Century: 0.1174 Classics: 0.4184 Fantasy: 0.9165 Fiction: 0.8649 Literature: 0.6405 Science Fiction: 0.6497 Sequential Art: 0.2506 Steampunk: 0.2272 | C7: Fantasy: 0.9672 Fiction: 0.7118 Science Fiction: 0.9727 Space: 0.1262 Young Adult: 0.4753 | D7: Fantasy: 0.8822 Fiction: 0.7481 | E7: Contemporary: 0.5059 Fiction: 0.5636 Romance: 0.7789 | F7: Adventure: 0.2593 Contemporary: 0.3704 Fantasy: 0.7067 Fiction: 0.7626 Middle Grade: 0.1853 Young Adult: 0.6950 | G7: Fantasy: 0.9926 Fiction: 0.6287 Science Fiction: 0.3570 Young Adult: 0.6721
A8: =results_grouped!B9 -> SBERT + HierarchicalClustering + XGBoost | B8: Classics: 0.3145 Cultural: 0.2724 Fantasy: 0.7484 Fiction: 0.8367 Literature: 0.4992 Steampunk: 0.0299 Travel: 0.0208 | C8: Fantasy: 0.9790 Fiction: 0.7609 Science Fiction: 0.9614 Space: 0.0109 Steampunk: 0.0799 Young Adult: 0.3762 | D8: Fantasy: 0.8684 Fiction: 0.6829 Gothic: 0.0040 Young Adult: 0.4744 | E8: Fantasy: 0.5037 Fiction: 0.7037 Romance: 0.7908 Sequential Art: 0.3101 Young Adult: 0.4565 | F8: Fantasy: 0.5933 Fiction: 0.7070 Young Adult: 0.5566 | G8: Fantasy: 0.9902 Young Adult: 0.5205
A9: =results_grouped!B10 -> TFIDF + HDBSCAN + LogisticRegression | B9: Fantasy: 0.6762 Fiction: 0.7943 Harlequin: 0.0009 Mystery: 0.7533 Young Adult: 0.4649 | C9: Adventure: 0.3598 Fantasy: 0.9797 Fiction: 0.9310 Science Fiction Fantasy: 0.2215 | D9: Fantasy: 0.7086 Fiction: 0.8392 Humor: 0.1646 Mystery: 0.6845 Young Adult: 0.5502 | E9: Contemporary: 0.4292 Harlequin: 0.0009 Novels: 0.1322 Romance: 0.7933 Young Adult: 0.4662 | F9: Contemporary: 0.4706 Fiction: 0.7811 Middle Grade: 0.1395 Young Adult: 0.6778 | G9: Anthropology: 0.0031 Architecture: 0.0008 Classics: 0.2830 Cultural: 0.4385 Fiction: 0.6591 France: 0.3811 Harlequin: 0.0010 Historical: 0.3772 Literature: 0.2721 Sex Work: 0.0002 World War II: 0.1636
A10: =results_grouped!B11 -> TFIDF + HDBSCAN + SVM | B10: Fantasy: 0.7855 Fiction: 0.7656 Mystery: 0.8844 Young Adult: 0.4253 | C10: Adventure: 0.2977 Fantasy: 0.9917 Fiction: 0.9309 | D10: Fantasy: 0.8324 Fiction: 0.8650 Humor: 0.2482 Middle Grade: 0.1695 Mystery: 0.7140 Novels: 0.2336 Young Adult: 0.6957 | E10: Audiobook: 0.1409 Contemporary: 0.4539 Novels: 0.1961 Romance: 0.8425 Young Adult: 0.6528 | F10: Contemporary: 0.4294 Fiction: 0.7780 Humor: 0.1800 Young Adult: 0.5367 | G10: Architecture: 0.0254 Cultural: 0.3911 Fiction: 0.6236 France: 0.3095 Historical: 0.3686 World War II: 0.2287
A11: =results_grouped!B12 -> TFIDF + HDBSCAN + XGBoost | B11: Fantasy: 0.5067 Fiction: 0.7801 International Relations: 0.0000 Sex Work: 0.0002 Young Adult: 0.3893 | C11: Comics: 0.4531 Fantasy: 0.9667 Fiction: 0.8411 International Relations: 0.0000 Novels: 0.1390 Science Fiction Fantasy: 0.6925 Sequential Art: 0.3340 Sex Work: 0.0002 | D11: Architecture: 0.1213 Fantasy: 0.8236 Fiction: 0.7530 International Relations: 0.0000 Mystery: 0.8362 Sex Work: 0.0002 | E11: Contemporary: 0.2774 International Relations: 0.0005 Romance: 0.5304 Sequential Art: 0.3033 Sex Work: 0.0002 | F11: Contemporary: 0.4734 Fiction: 0.7451 Middle Grade: 0.1547 Mystery: 0.4691 Sex Work: 0.0001 Young Adult: 0.6694 | G11: Fiction: 0.6104 International Relations: 0.0000 Sex Work: 0.0002
A12: =results_grouped!B13 -> TFIDF + HierarchicalClustering + LogisticRegression | B12: Fantasy: 0.6708 Fiction: 0.8390 Harlequin: 0.0009 Mystery: 0.6510 Young Adult: 0.4348 | C12: Adventure: 0.3892 Fantasy: 0.9838 Fiction: 0.9646 Magic: 0.2680 | D12: Childrens: 0.4675 Fantasy: 0.7460 Fiction: 0.8053 Mystery: 0.6547 | E12: Contemporary: 0.4250 Harlequin: 0.0009 Romance: 0.8804 Young Adult: 0.5311 | F12: Contemporary: 0.4608 Fiction: 0.7018 Middle Grade: 0.1395 Young Adult: 0.5337 | G12: 19th Century: 0.1224 Classics: 0.2961 Cultural: 0.4484 Fiction: 0.7021 France: 0.3634 Harlequin: 0.0010 Historical: 0.4255 Literature: 0.2777
A13: =results_grouped!B14 -> TFIDF + HierarchicalClustering + SVM | B13: Fantasy: 0.8199 Fiction: 0.8293 Mystery: 0.8218 Young Adult: 0.3680 | C13: Adventure: 0.3116 Fantasy: 0.9915 Fiction: 0.9729 Magic: 0.1983 | D13: Childrens: 0.5371 Fantasy: 0.8442 Fiction: 0.8226 Middle Grade: 0.1695 Mystery: 0.5989 Young Adult: 0.4253 | E13: Audiobook: 0.1409 Contemporary: 0.4664 Nonfiction: 0.3944 Romance: 0.9314 Young Adult: 0.7268 | F13: Contemporary: 0.4133 Fiction: 0.7273 Humor: 0.2193 | G13: 19th Century: 0.1107 Cultural: 0.3843 Fiction: 0.6656 France: 0.2670 Historical: 0.4294 Romance: 0.3380
A14: =results_grouped!B15 -> TFIDF + HierarchicalClustering + XGBoost | B14: Fantasy: 0.4663 Fiction: 0.7939 | C14: Adventure: 0.3010 Fantasy: 0.9774 Fiction: 0.8788 Graphic Novels: 0.4370 Magic: 0.2748 Sequential Art: 0.3533 | D14: Childrens: 0.4908 Fantasy: 0.8359 Fiction: 0.7907 Mystery: 0.7719 | E14: Nonfiction: 0.3800 Romance: 0.5224 Sequential Art: 0.2636 | F14: Childrens: 0.2514 Contemporary: 0.3508 Fiction: 0.8083 Middle Grade: 0.1547 Mystery: 0.3801 Travel: 0.1621 Young Adult: 0.6892 | G14: Fiction: 0.5857
A20: Desc 1 | B20: Historical, Mystery
A21: London, 1888. Beneath the fog-filled streets and flickering gas lamps, the city whispers with rumors of a series of strange disappearances. Each vanished person was last seen near the same narrow alley in Whitechapel—and each left behind an identical object: a small, intricately crafted pocket watch that always stops at exactly 3:17 a.m.
A22: Desc 2 | B22: Fantasy, Science Fiction
A23: In a distant future where advanced technology has unlocked portals to forgotten realms, humanity discovers a hidden universe filled with ancient magic and mythical creatures. When a young astrophysicist accidentally activates a long-dormant gateway orbiting Earth, she unleashes a mysterious force that begins merging science and sorcery.
A24: Desc 3 | B24: Horror, Family
A25: The Parker family just wanted a peaceful weekend getaway in the countryside. Instead, they end up renting an old mansion that the locals refuse to talk about. According to the listing, the house is “full of character.” What it doesn’t mention is that the character includes a grumpy ghost, a mischievous shadow creature, and a cursed doll that really hates loud children.
A26: Desc 4 | B26: Romance, Young Adults
A27: Lena never believed in fate. As a determined art student trying to balance college, part-time jobs, and her dreams of becoming a painter, she’s convinced life is all about hard work—not destiny. Then she literally collides with Noah. Noah is a quiet but thoughtful engineering student who prefers books and late-night coffee over crowded parties. When Lena accidentally spills an entire cup of coffee over his carefully organized notes in a campus café, their first meeting is anything but romantic.
A28: Desc 5 | B28: Comedia
A29: For as long as they can remember, five friends have shared one strange thing in common: absolutely terrible luck.\nThere’s Jake, who once slipped on a banana peel… in a parking lot… where there were no bananas.\nMaya, whose phone always dies exactly when something important happens.\nLuis, who somehow sets off alarms in stores even when he doesn’t buy anything.\nSophie, whose GPS constantly sends the group to the wrong places.\nAnd Ben, who has broken six chairs in his life just by sitting down.\nDespite their ridiculous streak of misfortune, they decide to finally do something exciting together: a weekend road trip to attend a huge festival.
A30: Desc 6 | B30: Romance, Fantasy, Portuguese
A31: Num reino onde a magia é proibida e as estrelas são vistas como presságios de desgraça, Elara esconde um segredo que pode mudar tudo: ela consegue ouvir o sussurro do céu.\nQuando conhece Kael, um misterioso viajante com um passado envolto em sombras, o destino de ambos entrelaça-se de forma inesperada. À medida que forças antigas despertam e uma guerra se aproxima, Elara e Kael são obrigados a confiar um no outro para sobreviver.
